{
  "results": {
    "toxigen": {
      "acc": 0.43936170212765957,
      "acc_stderr": 0.016196444370812173,
      "acc_norm": 0.4329787234042553,
      "acc_norm_stderr": 0.016169632869640304
    },
    "arc_easy": {
      "acc": 0.5265151515151515,
      "acc_stderr": 0.010245347015573704,
      "acc_norm": 0.46085858585858586,
      "acc_norm_stderr": 0.010228298200766116
    },
    "lambada_openai": {
      "ppl": 15.045073790764757,
      "ppl_stderr": 0.49817588440055743,
      "acc": 0.46050844168445565,
      "acc_stderr": 0.006944215621241693
    },
    "arc_challenge": {
      "acc": 0.2167235494880546,
      "acc_stderr": 0.012040156713481192,
      "acc_norm": 0.26621160409556316,
      "acc_norm_stderr": 0.012915774781523209
    },
    "wsc273": {
      "acc": 0.6336996336996337,
      "acc_stderr": 0.029212986130050134
    },
    "piqa": {
      "acc": 0.6692056583242655,
      "acc_stderr": 0.010977520584714419,
      "acc_norm": 0.6730141458106638,
      "acc_norm_stderr": 0.010945157126978222
    },
    "sciq": {
      "acc": 0.8,
      "acc_stderr": 0.01265543994336665,
      "acc_norm": 0.705,
      "acc_norm_stderr": 0.014428554438445517
    },
    "logiqa": {
      "acc": 0.19815668202764977,
      "acc_stderr": 0.015634803946788987,
      "acc_norm": 0.2642089093701997,
      "acc_norm_stderr": 0.01729395454974451
    },
    "triviaqa": {
      "acc": 0.010872447626624237,
      "acc_stderr": 0.0009750347937989651
    },
    "winogrande": {
      "acc": 0.5232833464877664,
      "acc_stderr": 0.014037241309573638
    },
    "openbookqa": {
      "acc": 0.188,
      "acc_stderr": 0.017490678880346267,
      "acc_norm": 0.316,
      "acc_norm_stderr": 0.02081235951585586
    },
    "mnli": {
      "acc": 0.3485481406011207,
      "acc_stderr": 0.004810049240836227
    },
    "hellaswag": {
      "acc": 0.33210515833499304,
      "acc_stderr": 0.00470005967137463,
      "acc_norm": 0.3919537940649273,
      "acc_norm_stderr": 0.004871887422893579
    },
    "truthfulqa_gen": {
      "bleurt_max": -0.9648748263579906,
      "bleurt_max_stderr": 0.014907287658559292,
      "bleurt_acc": 0.4944920440636475,
      "bleurt_acc_stderr": 0.017502438990451067,
      "bleurt_diff": 0.0670370906728207,
      "bleurt_diff_stderr": 0.01631904441817866,
      "bleu_max": 12.331206020725196,
      "bleu_max_stderr": 0.5508294078155991,
      "bleu_acc": 0.33659730722154224,
      "bleu_acc_stderr": 0.016542412809494887,
      "bleu_diff": 1.5632954551183225,
      "bleu_diff_stderr": 0.5515524536305078,
      "rouge1_max": 36.18764567520435,
      "rouge1_max_stderr": 0.8419268463770124,
      "rouge1_acc": 0.40758873929008566,
      "rouge1_acc_stderr": 0.017201949234553114,
      "rouge1_diff": 3.0953816061631314,
      "rouge1_diff_stderr": 1.0022391131686372,
      "rouge2_max": 18.47971314066051,
      "rouge2_max_stderr": 0.9211818995385567,
      "rouge2_acc": 0.24112607099143207,
      "rouge2_acc_stderr": 0.01497482727975234,
      "rouge2_diff": 2.6113375563190555,
      "rouge2_diff_stderr": 0.9692127512250515,
      "rougeL_max": 33.83389051766045,
      "rougeL_max_stderr": 0.8409158016131772,
      "rougeL_acc": 0.412484700122399,
      "rougeL_acc_stderr": 0.01723329939957121,
      "rougeL_diff": 3.487929347942169,
      "rougeL_diff_stderr": 0.9946178987766915
    }
  },
  "versions": {
    "toxigen": 0,
    "arc_easy": 0,
    "lambada_openai": 0,
    "arc_challenge": 0,
    "wsc273": 0,
    "piqa": 0,
    "sciq": 0,
    "logiqa": 0,
    "triviaqa": 1,
    "winogrande": 0,
    "openbookqa": 0,
    "mnli": 0,
    "truthfulqa_gen": 1,
    "hellaswag": 0
  },
  "config": {
    "model": "hf-causal",
    "model_args": "pretrained=davidvblumenthal/GPT-Verite_1.4B",
    "num_fewshot": 0,
    "batch_size": null,
    "device": "cuda:0",
    "no_cache": false,
    "limit": null,
    "bootstrap_iters": 100000,
    "description_dict": {}
  }
}